duration,resources,expertise,budget
1,12,19,2704.463731805704
12,19,19,6018.178814026666
12,8,17,4023.0421336987733
3,4,1,950.7278564329023
11,7,7,3389.162606742603
4,10,14,2848.0112239903183
1,7,13,1999.6200376520258
16,8,4,4941.90940501544
8,19,17,4931.187917405903
15,17,19,6304.081278302041
11,4,14,3314.957796006868
15,15,10,5692.190343735593
11,5,5,3130.1872611163476
12,2,9,3115.235946995485
11,12,8,4322.633307202823
1,12,2,2233.0653633856705
19,2,17,5361.845732117255
18,17,14,6985.103329117877
9,9,7,3259.127512533975
18,9,18,6151.959207050419
16,13,11,6041.036977771979
9,9,18,3595.46041663721
18,7,7,5551.550152817361
10,13,15,4317.563369772454
12,10,4,4084.427382140029
15,13,6,5537.03498292824
19,4,6,5286.203720146884
9,15,19,4460.972288635978
9,17,13,4709.655744496968
18,16,7,6794.7485048385415
11,10,7,3877.6510862891423
18,4,19,5252.676195474398
7,5,5,2180.3139271174114
11,4,3,2830.830583201865
11,16,4,4848.519589505706
11,6,11,3316.0733004994795
15,11,9,5135.510958542626
16,18,1,6381.075665451186
13,1,5,2983.438493422879
14,15,18,5882.121366991061
12,3,19,3399.066657562504
17,5,4,4680.862034556183
19,7,15,6084.978137329941
2,14,12,2954.3734785437
18,17,15,7059.73673237302
3,8,11,2290.4843740658766
3,14,16,3408.6323342688784
17,4,3,4492.860304327543
15,6,13,4561.712521909374
10,3,15,2842.5005299639715
11,19,19,5553.288234794054
10,3,2,2249.4211816156944
8,1,14,2159.0533453018807
10,10,7,3498.700854614592
14,9,7,4488.569441663127
11,1,3,2327.753221134926
12,19,14,5778.019589471558
15,8,1,4212.738839270044
11,6,11,3432.7773624527003
4,10,19,2767.181367040216
14,14,8,5352.5939011070805
16,9,5,5120.276300471482
15,1,8,3814.053855517627
11,10,4,3714.087962601058
11,7,11,3753.038870137422
12,1,18,3041.3424492532163
12,8,5,3789.4806847431505
7,8,5,2642.2724735730008
16,8,16,5280.984094342883
14,19,1,5620.990188388493
1,14,17,2930.4771405478564
5,11,7,2769.657979689847
2,9,6,2053.3030672191767
19,9,1,5567.284757542516
8,19,2,4148.900264017859
19,4,13,5382.073698085099
7,9,11,2939.888794143456
1,13,1,2377.130244157972
1,12,17,2880.316617686397
6,4,16,2155.8214241071073
4,11,19,3097.352207443428
1,12,17,2698.189814706906
8,11,6,3540.58746316661
16,16,14,6459.280107522795
3,9,7,2159.96927925196
10,16,15,4877.985030513188
7,6,9,2492.7039118382518
3,12,1,2290.000659807517
14,8,18,4639.763418702303
4,17,11,3728.136452376215
17,16,7,6517.242837667477
17,15,16,6395.528699657089
7,14,1,3334.428026807185
14,1,3,3235.8457145000625
15,18,5,6069.057718786826
17,19,15,7300.691356317896
11,14,2,4331.935888182679
11,18,12,5354.598274802809
13,6,7,3864.151447449511
9,2,11,2359.004741534261
13,1,7,3106.685211006459
13,6,9,3773.8713369020347
15,14,17,5888.111610401333
6,15,11,3582.919343833793
11,10,9,3927.12456379745
19,4,14,5663.279615901398
13,4,1,3040.8170980584714
18,6,9,5457.750081722571
5,16,17,3960.7475404062066
13,5,13,3953.0861619046887
3,11,7,2604.277754623697
17,5,18,5080.479885458778
3,2,4,849.2791462455494
2,2,4,938.4665493466938
5,19,2,3632.9102296178507
2,10,18,2436.040460304252
9,1,4,2031.2365322670162
9,14,9,4110.229909395497
2,10,8,2159.1153522276295
19,11,5,6342.5666374229295
10,14,15,4649.74943054532
4,15,3,2817.7388514190543
17,7,9,5358.308855381306
15,9,14,5344.63993231498
10,6,13,3275.157331863785
9,18,10,4772.366851978866
17,12,5,5883.505813101465
16,10,12,5468.364585981908
19,3,16,5249.555930380984
5,8,8,2428.583218106236
16,2,1,3860.5612889638182
6,13,17,3450.605158849033
15,8,10,4971.20742055993
8,1,16,2061.8726829832667
11,3,14,3055.6823171902024
3,17,10,3680.858999558475
10,17,9,4680.146400258066
1,16,10,2997.039366889681
8,18,17,4761.941399378759
4,11,1,2275.144303344329
6,14,6,3368.6632246051486
2,8,19,2312.24221250071
8,12,10,3691.4906693261237
1,11,12,2521.6282354888763
17,7,5,5069.561574891392
12,14,12,5158.6809934108
16,15,16,6397.462716218353
4,9,2,2110.9225019854025
8,13,19,3928.891309255943
17,8,6,5393.545805326008
2,10,14,2408.957557942085
5,3,7,1571.9581255062928
17,19,15,7476.473917701843
19,8,19,6207.479624954666
19,12,3,6241.881024432227
1,8,17,2012.849858013258
15,13,4,5311.809884422294
2,18,14,3509.026334438543
15,18,3,5822.03636884151
7,13,16,3739.9675043603725
18,14,7,6593.984759917009
11,16,9,4864.860813954847
11,1,9,2803.157106614977
18,18,18,7262.797620818349
11,5,16,3284.9137747244067
4,14,10,3342.2616030051977
18,11,3,5852.732841573231
9,2,14,2421.79043173378
2,2,11,1036.5831805765574
9,12,16,3888.229060185627
6,6,15,2332.1152163037827
8,1,1,1464.0468852698887
16,17,3,6180.439696414905
5,11,18,3280.8370150527335
3,9,11,2498.21160065386
4,8,16,2495.7167691473205
3,9,7,2040.3347562907963
2,17,14,3582.7469389138773
6,5,15,2329.2470422171186
18,7,9,5489.096950486857
12,4,11,3526.6218921028
19,17,8,7281.469787484515
5,6,19,2310.200120227601
6,2,18,2051.556424665699
16,9,18,5562.4779933733735
8,13,15,3828.3623824149663
9,15,7,4099.974002537017
1,12,8,2628.466399301472
15,3,5,3943.6370745212894
17,8,16,5553.410309379339
18,12,13,6451.130033436217
3,6,12,1858.0084927425878
16,15,7,6068.56923511283
14,17,17,5939.59779929412
15,16,11,6136.6015500192925
13,18,13,5710.179110335893
6,6,10,2450.637057516928
1,8,5,1810.0353096558254
7,13,7,3541.6501079211475
19,15,9,7203.482844449988
8,2,7,2330.933335488075
18,1,6,4538.781606289169
8,16,10,4050.4834588807075
3,10,2,2000.6404928719942
10,6,13,3191.693532321346
11,3,19,3323.9622729308085
4,15,8,3225.3082903759464
10,9,16,3928.757920799308
3,10,15,2553.6455771986903
5,7,7,2193.2541170535224
11,6,1,3078.893657131858
12,7,2,3490.8313673581088
8,1,13,1942.0190016612787
1,2,3,705.7941564343762
13,11,11,4781.920587770402
1,6,9,1505.7216980448845
13,2,12,3263.8544529382384
13,15,11,5402.562549768573
11,5,19,3559.873515781799
12,7,15,4064.126594577868
13,12,6,4535.223879627736
1,2,12,1190.7998495558065
3,17,18,3692.241976908447
19,6,3,5437.097299711735
9,13,17,4297.390691130219
1,18,2,3010.911908440949
13,12,18,4917.388029164799
12,8,16,4056.929179393403
11,10,18,4139.636578173204
3,9,12,2471.9948612004473
18,14,6,6469.788323952345
12,5,4,3266.94441094001
15,3,10,4021.9959686601214
8,17,7,4267.880064512488
15,3,2,3830.4912720052052
10,17,1,4291.12624359812
13,17,7,5534.0794314494915
12,15,14,5169.591645397729
7,19,2,4128.738864339216
17,8,7,5284.968177891635
16,18,4,6295.85238799029
16,1,14,3890.5114004092534
10,18,1,4470.012400735965
12,11,5,4232.244058991147
6,19,2,3841.3191209581278
13,5,7,3763.374935562
15,8,14,5020.734210212089
11,8,10,3568.153534721847
19,2,16,5338.170201630556
3,9,19,2416.9445834069397
4,15,15,3427.174201990884
9,8,13,3350.91265797731
6,12,15,3383.553532206973
4,6,18,2117.3686036461845
2,14,7,2918.9086628588216
9,1,4,1935.6462249102592
12,9,17,4373.031030413084
14,19,8,6097.0867537703825
1,18,15,3611.55542997724
4,15,18,3568.2523438767653
1,10,9,2282.939687834279
1,1,8,878.5072784900858
11,2,12,2838.6317940258677
11,4,9,3218.674698231562
10,4,8,2817.8895155984223
19,9,6,5993.812475853123
1,7,15,1923.2695421888911
13,4,4,3356.632558487352
6,11,14,3177.2522339659486
10,9,17,3949.5817725746624
12,3,6,3204.577320211286
7,4,14,2353.4335294513185
14,14,16,5751.061801383218
7,8,1,2384.7149168007795
15,2,9,3880.1136982057574
7,19,16,4480.450141265831
8,3,3,1943.6729263647892
18,15,4,6613.527050108426
12,11,9,4399.779811933997
10,10,19,3943.852441192299
8,5,12,2717.7017487667345
17,4,10,4888.517796360565
3,8,17,2504.5240281885563
9,1,15,2355.6586009662115
3,2,11,1301.4093676434425
1,7,10,1740.6162665481347
6,3,11,1868.8993714086312
15,13,5,5458.755971261793
4,14,19,3417.284004974494
7,18,15,4512.650216009888
15,7,9,4565.887463615073
1,14,10,2755.1322311006397
13,16,3,4924.148956643295
7,8,3,2591.295623061887
8,6,16,2874.119540359589
7,18,6,3941.712394579441
19,13,9,6685.582651995092
5,14,15,3582.4122708439845
3,9,14,2430.557394957553
16,18,8,6603.646898083215
1,12,1,1813.9845271125655
4,17,5,3396.5587105196996
4,6,8,2050.024700104369
18,1,12,4561.708563095195
14,2,10,3501.9732244831803
14,17,4,5635.705570640136
6,9,15,2896.5917975323564
19,8,16,6236.711644341248
12,3,19,3378.4382707458026
16,1,15,4170.859684048781
15,11,8,5333.387793492626
9,15,19,4655.253902411603
8,17,11,4243.912773434754
9,3,1,1976.3758833244508
18,19,12,7473.940813867978
6,12,1,2713.7186648106535
16,6,18,5059.7911803716115
3,1,7,865.2043559178935
5,4,16,2036.4755528907199
9,16,19,4660.978495533752
13,3,6,3343.2494559974816
11,19,17,5538.975747443197
2,4,18,1781.7824101068356
3,14,1,2431.5100695462074
11,17,7,5050.07158099102
19,12,16,6799.249157226524
7,19,8,4456.823027548238
18,9,19,5991.730505657558
2,8,2,1636.6685800721698
2,18,6,3487.2125028182686
5,16,10,3549.015994504803
15,10,3,4934.950108128611
4,4,1,1237.2306637582706
18,15,19,7005.952868843571
12,4,1,2830.5966895911097
6,6,3,2083.124203846618
17,3,8,4695.832279461195
16,13,8,5772.6537436668905
7,4,3,2027.8131462918927
11,13,14,4704.315315189051
13,15,8,5317.545809780759
10,5,5,2967.3892147534125
10,15,11,4593.454408513008
16,15,18,6311.24562656886
15,15,16,5946.814066855961
10,1,13,2549.271173910297
17,6,5,4970.428770721866
9,18,17,5019.920903985413
17,15,19,6696.167216887404
14,6,10,4182.65814970108
11,1,15,2724.0947993687346
4,11,11,2643.81391423991
19,7,15,6169.729530026126
17,7,16,5386.120947115908
8,17,7,4489.343109393049
5,5,18,2104.0802665335427
18,18,9,7104.3926511375685
7,1,6,1570.6766255105595
17,6,10,5219.781393042718
14,12,10,5229.067017137508
11,6,9,3388.772735494962
8,18,1,4077.9041292226357
7,2,8,1847.5383648909742
11,18,4,5047.241768012313
8,15,1,3553.7745595127317
16,18,7,6659.98231642236
12,1,2,2648.7539683140562
1,15,18,3321.174980401744
10,1,19,2718.689517557892
8,6,16,2722.8041316441804
5,14,18,3612.1361940039874
3,3,7,1447.617481101386
7,14,11,3741.548279380783
19,8,6,5646.951767039793
10,17,8,4905.947379892433
19,4,17,5604.725769030764
14,5,9,3971.168389820762
9,1,14,2593.8840465633743
2,6,6,1496.6143723214448
11,8,16,3856.2970148068293
17,17,19,6894.020457457045
9,12,17,4034.2123992315223
6,5,12,2304.9531558037816
10,3,19,2998.694323007507
6,15,15,3731.5658913176967
15,15,4,5716.312792837741
13,19,12,5890.352188299601
3,18,2,3370.6459326332883
10,4,10,2890.763723305663
19,7,16,6052.917559671219
7,18,11,4333.488807064151
3,7,18,2170.311757180429
6,16,3,3586.4640097858637
17,2,17,4764.168080848314
11,12,14,4460.3358358304195
6,15,7,3533.131833997607
2,8,17,2158.3401261206186
8,18,6,4517.398738329018
18,17,15,7082.240510300817
19,19,4,7505.985002463046
19,19,11,7730.869856264667
18,11,17,6181.109401898657
11,10,18,4128.777456645776
8,9,3,2935.62473030051
15,3,13,4167.981233883023
11,14,14,4695.950649350128
10,8,11,3531.900771672982
17,17,7,6779.150271982692
12,10,14,4588.031795071234
5,18,9,4059.404651108563
19,19,15,7871.649282489319
18,13,19,6498.451835471654
16,17,17,6702.970984279744
5,6,4,1795.0726165182243
6,4,7,1999.806780543233
7,6,10,2519.405534834062
3,17,16,3763.4551350673996
15,13,15,5640.98816065078
19,16,3,6891.906511712606
1,4,3,1133.8731469404117
11,15,3,4578.365948380145
5,15,18,3734.5448020073577
4,12,16,3030.867719143515
18,10,1,5488.250779034876
4,14,8,3171.9072849329305
17,18,3,6599.003367727248
2,6,12,1837.1061041884718
6,7,14,2830.3514731524433
8,12,12,3609.050748270492
15,4,10,4378.460129385185
19,8,15,6155.351204630083
2,14,8,2934.785991180149
1,7,5,1577.522822062225
4,18,13,3802.2376708211577
1,11,18,2602.729424828297
8,18,17,4519.699341492334
3,19,6,3582.1179023513932
19,13,17,6998.533420384971
6,15,8,3494.7052958416148
17,5,12,5163.335316066565
1,9,17,2350.627569287306
4,9,6,2299.1110645734757
11,9,19,4082.666315900209
16,12,17,5921.178614532467
11,13,9,4268.160525171606
9,15,15,4439.003018640078
10,4,14,2922.936767261359
19,9,17,6362.72098258507
15,19,18,6760.81555090946
2,16,14,3374.337146538459
2,17,14,3308.962838689411
3,16,15,3492.5382623386204
14,8,12,4672.9758505626005
5,10,8,2641.867733932958
11,1,17,2707.968469209975
10,16,19,4898.4805291954
1,3,14,1503.159515755552
1,14,4,2731.792110296407
1,19,17,3790.22509843655
8,14,17,4139.286105856395
16,13,2,5359.403433315952
13,18,10,5918.721035941682
9,10,14,3729.068110844313
19,18,10,7528.0125564577365
8,9,14,3211.9655202128233
8,15,7,4108.78471886515
19,14,2,6655.106723774229
19,9,15,6251.405566532907
1,14,15,2898.7840926684307
3,1,5,1116.6105102951183
19,11,2,6087.209555974012
16,5,11,4578.553398010391
16,13,16,6045.900876317387
15,17,12,6188.353500445249
18,11,11,6172.946663698741
12,6,17,3808.7152224318997
6,18,17,4408.499233216632
11,5,12,3482.917951357057
15,8,12,4928.662377369065
7,6,9,2495.954684027415
9,16,9,4484.526084604108
18,11,10,6127.675630728189
2,10,18,2532.9969527804965
18,13,4,6345.309151534462
12,12,16,4668.627098858935
16,12,14,5931.435974420211
12,17,5,5230.4452332778
9,9,16,3534.1982430107228
18,18,19,7462.910708791087
18,17,8,7139.563010234741
16,8,2,4652.675354129692
1,9,9,2092.688051530531
4,18,7,3778.3102885992816
13,10,11,4517.6722477544945
9,17,13,4593.854539624739
9,16,8,4431.48982496887
17,2,17,4744.014855760008
2,6,8,1706.9046346923935
2,12,13,2851.520551214181
12,14,2,4412.441053535767
15,17,13,6271.755541622669
15,8,19,4919.305479024392
16,9,7,5261.220092402172
13,5,5,3633.735054938013
18,16,4,6609.476392313086
3,13,12,3119.430964494469
9,13,14,4054.821331500615
5,5,8,2028.8336228155852
1,13,4,2258.3868069809682
8,8,14,3155.1801935666363
1,16,18,3385.912531208061
19,17,16,7510.92604186372
8,7,14,2980.4084195833702
1,10,11,2266.4163888043163
11,15,17,4830.575096401915
5,7,16,2579.03348592923
10,3,8,3042.0244181364505
1,4,2,894.8940795542239
11,15,11,4676.726142772133
7,6,14,2656.944560589793
14,2,4,3339.4431260277006
1,3,15,1326.4609830339682
16,13,6,5707.2651746226875
14,10,11,4920.3477920379655
6,15,8,3713.1933894666795
15,3,11,4113.415152132102
15,10,16,5152.61624651471
2,15,3,2775.94791187107
7,14,5,3531.9755025607487
7,7,15,2748.472928730782
2,7,19,2158.3270605364432
11,18,8,5143.964942795204
4,2,7,1137.450973671313
15,4,18,4268.893159862635
7,18,6,4372.5371209482
10,1,6,2266.1344703447558
15,19,2,6218.918659286831
4,2,13,1364.7709662744119
10,11,16,4143.73362226112
2,15,11,3147.0441932348376
5,10,19,3132.726951933004
7,3,17,2230.584631585539
17,13,1,5605.591224882663
11,6,15,3452.8924814108987
10,3,11,2902.689087514549
11,14,7,4405.006966951981
10,12,2,3779.563361728783
7,17,16,4287.6357083975445
18,12,3,5996.407410553418
10,4,1,2310.3472533662466
16,2,2,3636.3891686159945
14,12,8,5055.951411108747
4,19,8,3888.0387362957044
7,6,13,2396.48307345433
4,7,16,2320.3679405646208
12,12,18,4748.592852616964
19,18,8,7494.887625622877
7,10,5,2975.7510320144697
5,8,10,2501.464708399989
1,7,17,2115.006096165279
19,10,2,5823.3709011901165
1,10,14,2344.7842610881644
17,18,6,6903.163785460546
6,12,2,2825.4015903492036
12,2,18,3223.9203357926567
10,7,11,3458.4429539036146
15,13,17,5631.111515217406
16,10,19,5551.118891400164
12,13,13,4800.771904525875
6,10,14,3036.9073500814043
10,10,3,3618.0771700525706
17,9,1,5195.525759583211
5,14,6,3228.7668788510614
4,1,10,1175.9251926258705
18,18,19,7359.349254997187
11,11,14,4386.919043902608
6,15,18,3818.7663366118427
17,6,5,4930.611345679463
10,1,15,2518.428480614884
3,14,8,3146.519415775681
10,18,1,4509.881679540019
9,19,6,4665.871760049885
5,5,11,1912.5740603822926
3,13,11,2799.6816674680094
6,1,10,1675.7852442107119
19,2,8,5050.359280899396
12,15,8,4795.8617416840025
3,3,11,1511.9706399269467
4,3,2,1189.1747189847913
3,11,19,2633.4593522430387
19,19,3,7353.981148583503
5,4,8,1766.9868154352723
3,10,10,2612.513793054705
8,1,15,2267.753330520949
15,2,2,3534.596713398833
5,9,19,2915.0675815380355
8,19,4,4454.159837334742
2,6,4,1389.6647684821642
17,7,7,5161.390476681567
13,5,7,3673.2099602491558
14,10,17,4927.893553831047
14,15,6,5445.940104463287
1,19,12,3628.8805532421857
11,10,8,3984.8827269854737
11,3,15,3156.4463095101287
11,12,7,4341.590733674492
11,14,11,4734.560324184155
1,9,15,2113.506011749084
3,2,11,1293.0947056135058
17,15,18,6720.437366887717
3,17,13,3510.118794136775
16,8,2,4500.839407252156
6,14,11,3499.054234750624
9,10,19,3761.463840382596
10,14,18,4672.373429682499
15,16,5,5738.089389872376
8,3,8,2285.9559779261003
11,5,14,3452.0523681972973
4,6,4,1882.3237230454743
15,9,7,4754.719596378114
4,18,12,3962.482855808574
7,13,4,3381.502576210793
6,12,6,3284.278494640413
11,15,9,4774.3340974477305
13,4,15,3806.054891521677
3,7,4,1713.005717509645
6,7,1,1852.865567256151
17,6,19,5274.147386454578
13,9,12,4368.8250598715695
7,3,17,2185.4878509238492
8,14,14,3960.3556043535345
10,2,9,2526.9374830823267
9,13,13,4043.6627520831835
16,14,2,5595.8284369144785
7,19,17,4614.996755939504
12,13,17,4743.635014021432
3,8,19,2358.187119510576
2,4,4,1211.6155453859399
17,15,13,6402.176846238409
10,17,7,4694.63625369206
8,16,4,3963.86657833153
13,18,7,5744.477303501606
7,2,13,1809.6409173074853
4,15,1,2796.5881259901926
7,7,17,2830.387170191366
5,5,12,2028.8913939811182
5,14,6,3304.865151421219
7,14,5,3613.7389566622946
6,7,6,2342.018561981112
4,2,10,1402.635790841179
12,4,19,3560.0761385831993
7,4,1,1831.9636408990198
10,14,10,4364.524401530125
9,14,19,4624.8932632313845
12,10,16,4528.654813655649
7,14,9,3719.7265827144365
3,1,18,1326.279698660922
16,18,13,6617.080307724175
14,13,2,4918.676068241731
18,2,3,4425.437529984752
15,2,13,4057.584471343652
15,13,10,5654.19744822143
15,2,9,3714.918342478008
15,9,3,4956.401065247349
19,1,16,5097.807153407264
10,2,19,2832.9069852276766
1,19,8,3765.9425423906414
16,16,1,5970.313557751253
18,18,4,6924.424584011431
18,6,18,5670.193367100454
8,18,8,4348.168000701233
19,11,5,6333.939758208966
12,6,8,3440.300192976818
3,11,18,2738.0322426896873
3,5,7,1511.6899724142518
15,18,1,5960.839717851547
9,17,11,4662.692934975543
15,17,16,6372.911386016824
18,8,5,5632.854791617141
1,10,10,2327.5917296783377
11,9,6,3642.67236800697
12,4,4,3309.4129503882596
19,11,15,6570.333206662556
7,13,7,3643.4159982345386
3,3,16,1587.6740195499888
19,7,1,5378.043677354307
14,9,4,4347.021089854224
7,16,17,4130.60485080177
4,10,17,2902.08039237032
13,16,3,5257.66618235434
15,10,4,4655.7898192464945
4,16,13,3644.1038811631784
3,16,14,3364.041131078083
5,17,17,4043.2214733621745
11,8,5,3480.5386644449027
5,10,15,2801.1161263844074
13,6,2,3583.773095595237
16,10,14,5610.680539169862
18,3,8,4899.361265697966
18,19,9,7400.8934556223385
3,9,11,2417.516232831617
14,3,1,3241.328782994217
17,11,12,5882.046807672568
7,16,5,3985.642160308515
9,15,8,4312.102072679682
3,14,9,3125.7421163674903
6,16,18,4025.663508061201
7,8,7,2761.0397701286233
15,6,17,4607.694085340547
19,14,1,6658.958064659274
7,7,3,2392.401477357666
9,1,6,2069.6254147421787
4,16,10,3581.2368150578372
7,12,18,3556.5639524618473
17,11,5,5841.817782808243
8,4,15,2481.651260931166
18,2,19,5086.263848670112
2,9,3,1862.9643465549696
10,10,8,3770.220542283782
1,11,18,2895.304419563711
13,17,6,5620.539506789311
2,10,11,2432.993245748659
14,7,13,4356.943310002456
1,14,16,3012.8031737741267
13,3,12,3414.4092649184104
7,15,3,3671.918068942099
11,1,15,2729.108993495369
19,15,14,7331.382188920218
7,13,5,3529.4200958481906
2,6,18,1996.9314285772225
1,13,11,2852.5435092940656
15,10,19,5265.430408277287
19,8,2,5638.799188084598
6,6,4,1974.0191013915733
3,16,10,3502.7815962453933
14,3,19,3978.3854737532397
17,14,11,6495.827779864391
13,12,10,5062.035759805895
13,10,4,4358.4288315638
13,13,15,4968.7388119993075
7,11,16,3376.7777957263784
16,5,16,4634.578380741343
1,16,3,2718.2840281629724
14,9,5,4427.12814090726
15,10,4,4804.298392717862
5,12,17,3238.108525859094
13,3,15,3574.1503326392967
13,4,15,3618.048043576819
10,5,2,2636.5793185759508
11,2,3,2412.4332101451505
4,17,8,3633.4586399676186
17,8,7,5110.273001720787
15,19,10,6571.186234652781
14,18,10,6004.965928180405
6,10,19,3082.580639381801
12,4,14,3304.6490547078647
18,4,14,5314.3852111563765
3,4,9,1696.1579344860718
12,9,6,3910.5151800038916
3,2,15,1278.6555017008025
4,3,19,1727.1149624244483
19,7,19,6035.191971971201
1,6,8,1541.0290786927112
9,11,19,4078.074203999803
2,3,13,1499.7826177330214
18,15,7,6841.740982009027
8,16,19,4383.560307612546
7,12,16,3579.3906097385634
2,4,15,1774.038453358689
14,18,7,6087.665060316109
1,9,3,1745.0987059187698
4,6,16,1956.99258006179
17,2,13,4529.699227906397
1,16,12,3230.2841499823835
4,15,16,3403.5924476832993
13,5,8,3601.691946934157
2,11,11,2671.2615556045753
2,1,17,1264.113043538442
19,11,3,6043.997493479222
5,13,16,3321.3239350717386
3,6,17,1958.7072978322794
11,15,8,4760.97839371228
7,5,9,2555.2265906232747
8,10,16,3464.3552095260084
9,16,10,4515.797119429205
1,3,12,1263.3605180876139
7,3,2,1599.7710686610385
9,19,11,4921.042281599755
18,12,6,6165.665106975105
7,15,7,3715.1500180990597
15,11,1,4756.271234260978
2,19,11,3749.1407671831494
17,15,11,6568.730256451563
9,17,13,4815.611320586397
16,3,8,4153.20281782801
18,10,18,6232.658078120971
9,2,19,2681.4494593983773
11,10,16,3980.82710325495
16,15,1,5675.275584901473
8,12,1,3092.2672589125996
5,9,11,2665.980709076245
6,10,19,3094.3015630163095
1,7,10,1838.6661882857584
10,15,17,4706.525512293358
15,4,5,4101.5332536873575
2,3,1,768.9820915545871
2,14,1,2458.368787276294
14,17,18,6026.128576322815
15,14,6,5563.978934467947
1,15,16,2976.359775287848
2,3,11,1242.6242079272852
19,14,5,6889.41985375494
12,13,13,4755.835783165201
2,11,5,2467.73992071667
5,3,10,1628.5290286919007
16,10,2,5052.844056596315
16,15,15,6312.455524636394
15,7,1,4188.847252389359
13,5,14,3882.0886300181614
14,13,17,5296.406982865939
15,5,6,4224.27916669293
3,17,3,3047.77671735335
15,8,8,4637.743678054897
15,19,8,6442.461194586469
13,18,19,6077.464664897889
18,6,18,5644.666936482752
16,17,9,6432.905636825241
3,13,11,2960.4023992487932
6,6,5,2010.4350691138568
12,6,6,3631.1497968794647
5,15,18,3905.673136655265
8,12,2,3401.4982890440397
6,13,10,3553.1455192687185
2,6,8,1819.0620398549659
17,5,15,5291.846658085577
16,8,5,5099.026091127556
18,12,12,6531.908790391574
7,10,11,3163.800005709379
4,18,6,3794.854411702961
4,5,16,1972.8937054979674
7,1,12,1738.7849316911304
10,13,8,4328.84365013562
10,15,7,4373.123585961999
9,7,8,3014.6782275048845
16,4,3,4063.186182632111
10,8,11,3517.08716284001
6,10,10,3066.9345716082357
3,9,2,1900.3388907064832
6,3,15,2103.620575377961
1,1,10,1056.8646587692974
13,12,10,4813.170531223134
10,4,15,3235.5551550272744
15,14,2,5364.157350005667
18,7,5,5390.823050329528
2,1,13,1164.3140584568953
6,7,15,2714.516902888604
9,4,3,2199.169160338386
10,16,7,4626.426338483984
13,7,4,3828.763847470185
4,6,6,1946.6216464188383
7,8,16,2969.118012377984
7,18,19,4561.687947163103
13,3,14,3612.007738672548
7,9,17,3016.0200686705457
13,16,1,4889.8383113143
2,15,11,2950.121295223742
1,11,13,2571.910773100371
5,14,1,2783.8308957659974
5,6,5,1931.4805425217658
19,14,3,6675.427156631193
19,7,18,6276.776469451278
16,3,5,4006.474926284482
13,14,7,4979.880826116979
3,4,15,1759.985209811711
4,1,18,1436.5890753808205
8,12,19,3699.6899088621644
16,3,8,4204.954700577397
13,12,14,5260.643078304671
10,9,8,3633.383126043558
19,3,13,5455.064693858668
13,13,6,4833.1706022641265
18,14,10,6455.671289344486
8,15,8,4199.266914947926
11,5,7,3351.134956627974
12,9,2,3758.6584931916636
6,18,3,3869.660647244273
12,11,13,4640.284231412151
3,15,16,3318.350232285085
11,1,5,2629.0828069969916
19,14,6,6863.917725033232
14,13,16,5425.072115650766
8,3,18,2357.2276702477307
4,19,10,3983.2122091310857
2,10,13,2330.4118906279014
8,19,10,4590.907998644671
9,6,1,2231.6041472710663
8,10,17,3448.319322038817
17,12,6,5972.240722766802
3,4,8,1387.9540881484331
5,15,13,3671.4518818665515
18,2,18,5034.322974775551
19,6,2,5513.398256782297
9,10,16,3622.153927667733
13,14,16,5324.454383644445
17,3,13,4690.956170488377
6,12,12,3109.2273340713036
6,2,10,1779.6357468319043
11,10,16,4130.9190073339305
2,2,7,1072.0927917908919
15,13,18,5815.806948942242
9,19,12,5018.701985678641
7,8,1,2186.2259594350185
5,8,17,2668.699896309096
9,10,5,3330.524946197982
18,12,10,6258.424085053715
10,12,16,4293.29578727895
6,8,17,2833.912514365078
8,15,1,3494.6709394310756
3,5,1,1353.064483725126
1,8,14,1906.2158070069806
5,4,13,2069.4214472115236
6,13,1,2757.2419353525493
3,12,18,3114.9632458105375
8,17,14,4635.748122851685
9,1,9,2235.284646772828
7,11,15,3465.110070022729
17,17,11,6775.690039627614
10,3,10,2776.1881913909633
12,5,10,3659.425151497623
7,5,10,2493.4401130690912
10,9,17,3825.0293919173737
2,18,6,3523.3563958430695
6,14,16,3619.13744429725
16,5,8,4672.373095035503
7,7,19,3005.1361113760167
1,18,8,3151.4155235401913
17,6,4,5084.433540060218
18,11,14,6284.3392897391805
8,14,10,4014.6394688496966
12,7,1,3331.671444160507
11,8,13,3918.864116047505
12,2,18,3177.208815441962
14,15,12,5702.158000793888
5,2,4,1353.992563554918
19,7,6,5833.609040015198
17,10,2,5324.142107671281
18,12,17,6373.915855521099
5,15,12,3678.904182406473
1,14,7,2706.288648194225
14,4,14,4160.3167826842755
16,9,3,4991.3501522984025
18,6,11,5404.77808779178
6,4,12,2154.4184020193156
19,4,8,5371.040750442374
7,17,16,4178.5298046379485
15,1,3,3477.17795654153
6,18,11,4368.319842740546
9,10,10,3538.445815746328
16,14,4,5661.718982600779
11,7,4,3553.154484229938
17,10,12,5950.101471408779
15,15,4,5559.406362859258
2,19,4,3418.819428347307
15,15,13,5803.0017164347355
13,4,13,3816.926580499239
12,10,12,4430.251555596896
11,8,16,3854.78522175857
7,3,9,1962.194814014054
1,14,8,2716.9990295932753
15,11,7,5091.382693977598
1,5,10,1543.0884251257173
17,6,10,5136.213953539283
4,12,7,2856.5875540284665
7,17,6,4173.3739770007405
13,8,17,4451.067787435709
19,14,5,6766.212397689664
17,9,12,5725.448358395945
7,15,16,4157.43878601346
2,7,17,2213.8686374349036
18,11,16,6210.890465791885
5,11,2,2564.5397021577087
11,6,4,3293.431808060632
9,18,17,5072.893409768702
18,9,5,5627.049219617512
1,1,16,1149.2786437236446
18,9,11,5935.594220548662
4,4,14,1881.7262999453897
13,6,19,4137.143086616555
10,16,2,4131.13566030952
17,15,5,6320.008837026146
8,4,3,2277.896011472576
18,1,2,4347.168838180357
7,16,18,4362.473762627604
5,5,10,2082.906328970413
2,4,16,1472.9639398410611
9,8,10,3349.242953038265
19,6,8,5846.7337625749
9,2,16,2512.098462534804
9,19,4,4796.326293832608
12,17,10,5419.301106228398
